id,edad,sexo,horas_pantalla,usa_redes_sociales,duerme_horas,actividad_fisica,nivel_estres,medita,horas_redes,nivel_ansiedad,riesgo_burnout
1,56,Masculino,5.3,True,5.4,Baja,1,False,0.9,1,0
2,46,Femenino,8.3,True,5.3,Baja,1,True,2.9,2,0
3,32,Masculino,3.8,True,6.8,Alta,6,True,3.8,3,0
4,60,Otro,7.2,True,8.2,Media,5,True,1.9,3,0
5,25,Femenino,7.2,True,5.0,Media,9,False,3.3,10,1
6,38,Masculino,5.4,True,6.6,Media,2,False,1.1,1,0
7,56,Femenino,6.7,False,7.1,Baja,8,False,0.0,8,0
8,36,Femenino,3.5,True,7.5,Baja,5,True,0.6,3,0
9,40,Masculino,7.8,True,6.8,Baja,2,False,1.3,2,0
10,28,Otro,5.6,True,5.9,Baja,10,False,3.5,10,0
11,28,Femenino,5.0,True,5.3,Media,6,False,3.5,6,0
12,41,Femenino,8.1,True,6.6,Media,10,False,2.9,10,1
13,53,Masculino,4.6,False,4.9,Alta,8,False,0.0,7,0
14,57,Femenino,3.2,True,3.0,Alta,4,False,2.1,3,0
15,41,Masculino,2.9,True,7.2,Baja,2,True,3.1,1,0
16,20,Masculino,7.2,False,7.9,Media,5,False,0.0,3,0
17,39,Otro,3.4,True,3.0,Media,2,True,1.6,1,0
18,19,Masculino,9.5,True,5.0,Alta,2,False,1.6,3,0
19,41,Masculino,1.8,True,7.4,Baja,6,False,1.0,2,0
20,47,Otro,9.4,True,9.6,Media,10,False,0.9,10,0
21,55,Otro,6.4,True,6.5,Media,9,False,3.9,9,0
22,19,Femenino,5.8,False,5.4,Baja,4,False,0.0,3,0
23,38,Femenino,4.9,True,6.2,Baja,6,False,1.6,6,0
24,50,Masculino,6.8,True,8.6,Media,7,False,0.9,6,0
25,29,Masculino,5.9,True,5.5,Media,6,False,2.3,5,0
26,39,Masculino,8.2,True,5.3,Baja,8,False,3.1,9,1
27,42,Femenino,6.2,True,5.8,Media,4,False,0.9,5,0
28,44,Femenino,6.3,True,5.1,Baja,1,False,3.6,1,0
29,59,Femenino,5.3,True,6.7,Media,7,False,3.1,7,0
30,45,Femenino,5.9,True,8.9,Baja,3,False,2.3,1,0
31,33,Masculino,6.6,True,7.0,Alta,6,False,2.5,5,0
32,32,Femenino,2.6,True,6.1,Baja,2,True,3.8,1,0
33,20,Masculino,3.3,True,6.1,Baja,9,True,2.8,7,0
34,54,Femenino,7.5,True,4.2,Baja,1,False,2.7,3,0
35,24,Masculino,6.3,True,7.8,Baja,6,True,3.3,4,0
36,38,Femenino,5.6,False,6.4,Media,6,False,0.0,5,0
37,26,Masculino,6.0,True,6.2,Baja,5,False,3.1,5,0
38,56,Masculino,6.7,True,10.0,Alta,5,False,3.2,4,0
39,35,Masculino,4.9,True,6.9,Baja,1,False,0.7,1,0
40,21,Femenino,4.4,True,5.4,Baja,10,False,3.6,8,0
41,42,Femenino,6.4,True,5.9,Baja,5,False,3.7,4,0
42,31,Masculino,4.0,True,8.2,Baja,2,False,1.8,1,0
43,26,Masculino,6.8,True,6.7,Baja,7,False,2.4,7,0
44,43,Femenino,2.6,True,4.3,Media,3,False,3.8,1,0
45,19,Masculino,8.1,True,7.9,Media,4,True,1.4,3,0
46,37,Femenino,6.9,True,5.5,Media,3,False,0.7,3,0
47,45,Femenino,6.5,False,9.3,Media,3,False,0.0,2,0
48,24,Masculino,8.0,True,8.1,Media,4,False,3.5,3,0
49,25,Masculino,9.3,True,5.8,Baja,5,False,3.2,5,0
50,52,Otro,8.0,True,8.4,Media,1,False,0.9,1,0
51,31,Masculino,2.3,True,6.6,Alta,4,False,3.5,1,0
52,34,Masculino,3.4,True,7.8,Media,8,False,2.0,4,0
53,53,Femenino,4.8,True,7.2,Media,10,True,3.0,8,0
54,57,Otro,6.1,False,5.2,Baja,7,True,0.0,8,0
55,21,Otro,7.0,True,5.5,Media,9,False,0.8,9,1
56,19,Femenino,4.5,True,8.0,Media,5,False,2.4,3,0
57,23,Masculino,6.4,True,6.0,Media,10,False,3.9,10,1
58,59,Masculino,4.5,True,5.9,Alta,4,False,1.9,2,0
59,21,Femenino,4.8,True,5.1,Baja,8,False,1.0,8,0
60,46,Femenino,3.2,True,7.1,Baja,9,False,1.9,7,0
61,35,Masculino,4.2,True,9.6,Media,7,True,2.7,3,0
62,43,Otro,3.3,False,4.9,Alta,7,False,0.0,6,0
63,51,Masculino,4.0,True,6.5,Baja,5,True,1.1,4,0
64,27,Femenino,8.1,True,8.6,Baja,4,True,2.7,4,0
65,53,Masculino,4.1,True,6.4,Baja,10,False,3.7,8,0
66,31,Femenino,11.3,True,7.2,Baja,1,True,2.6,2,0
67,48,Masculino,7.0,True,4.9,Media,10,True,1.8,10,1
68,32,Masculino,6.4,True,7.1,Media,10,True,1.4,10,0
69,25,Masculino,4.3,True,6.2,Baja,7,False,3.7,6,0
70,31,Femenino,7.4,True,8.0,Baja,1,False,3.1,1,0
71,40,Femenino,4.8,True,8.3,Baja,1,False,2.5,1,0
72,57,Femenino,6.2,True,10.0,Baja,5,False,2.9,3,0
73,38,Otro,11.1,False,7.4,Media,9,False,0.0,10,1
74,33,Masculino,5.8,True,7.0,Alta,6,False,1.9,6,0
75,35,Masculino,8.3,True,6.8,Alta,3,True,0.9,4,0
76,41,Femenino,4.6,True,6.0,Baja,3,False,2.0,1,0
77,43,Masculino,5.9,True,7.0,Alta,7,False,2.5,6,0
78,42,Otro,9.5,True,6.1,Media,6,False,3.7,7,0
79,58,Masculino,4.7,False,6.8,Media,9,False,0.0,8,0
80,46,Otro,9.6,True,8.5,Media,6,False,2.0,5,0
81,32,Masculino,7.4,True,5.0,Baja,5,False,2.3,6,0
82,18,Femenino,4.9,True,8.2,Baja,10,False,1.4,8,0
83,42,Femenino,7.3,True,8.5,Baja,7,False,2.1,6,0
84,24,Otro,7.9,True,6.3,Baja,1,False,3.1,2,0
85,26,Masculino,7.2,True,3.3,Baja,7,False,2.7,9,1
86,41,Femenino,2.9,False,5.6,Media,3,False,0.0,2,0
87,18,Otro,4.5,True,8.4,Media,9,False,0.9,7,0
88,25,Femenino,5.5,True,6.5,Media,6,True,3.7,5,0
89,41,Femenino,5.9,True,5.0,Baja,9,False,3.3,10,0
90,28,Femenino,7.2,True,5.7,Alta,5,True,3.9,5,0
91,34,Femenino,6.4,True,7.8,Alta,7,False,2.4,5,0
92,25,Femenino,3.3,True,7.3,Media,4,False,3.6,1,0
93,52,Femenino,6.8,True,6.1,Alta,7,False,0.6,7,0
94,52,Otro,7.2,True,5.9,Media,1,True,1.9,2,0
95,50,Masculino,7.1,True,5.9,Alta,7,False,1.9,6,0
96,22,Masculino,8.2,True,5.1,Baja,8,True,1.2,10,1
97,59,Otro,7.7,False,8.9,Baja,5,False,0.0,4,0
98,56,Femenino,6.9,True,6.0,Baja,2,False,2.0,2,0
99,58,Femenino,5.9,True,8.3,Baja,5,False,3.0,3,0
100,45,Femenino,2.7,True,8.8,Baja,6,False,3.5,2,0
101,24,Masculino,6.9,False,8.0,Media,2,False,0.0,1,0
102,26,Masculino,6.4,False,5.9,Media,6,True,0.0,6,0
103,25,Femenino,6.5,True,7.1,Media,6,False,2.5,5,0
104,29,Masculino,3.4,True,6.5,Baja,1,False,2.4,1,0
105,51,Femenino,3.8,True,5.1,Alta,1,False,4.0,1,0
106,50,Masculino,8.1,True,7.0,Media,10,False,2.5,10,1
107,40,Otro,5.9,True,4.7,Baja,3,True,1.6,2,0
108,41,Otro,7.4,True,8.3,Media,10,False,2.3,8,0
109,54,Femenino,6.1,True,5.8,Baja,10,False,3.8,10,1
110,52,Femenino,6.1,True,6.8,Baja,3,False,2.6,2,0
111,57,Masculino,7.9,True,6.9,Alta,4,True,2.7,5,0
112,39,Femenino,5.0,True,6.1,Baja,2,True,1.6,1,0
113,44,Femenino,6.2,True,7.4,Media,9,False,3.3,7,0
114,52,Masculino,5.1,True,5.8,Alta,10,False,0.9,8,0
115,18,Otro,5.1,True,7.8,Media,7,True,3.8,5,0
116,52,Femenino,5.4,True,4.5,Baja,7,False,3.7,7,0
117,54,Otro,6.4,True,6.7,Baja,6,False,2.0,6,0
118,31,Femenino,5.0,False,9.4,Baja,3,False,0.0,1,0
119,20,Femenino,8.5,True,5.0,Media,6,False,1.9,7,0
120,18,Masculino,4.2,True,5.5,Media,8,False,1.0,7,0
121,22,Otro,5.6,True,7.3,Baja,8,False,0.8,7,0
122,43,Femenino,5.1,True,6.8,Alta,9,False,3.9,8,0
123,31,Masculino,8.9,True,7.0,Media,1,False,3.6,1,0
124,56,Masculino,6.4,True,7.2,Baja,1,True,3.7,1,0
125,44,Masculino,8.1,False,7.5,Media,3,True,0.0,3,0
126,26,Femenino,3.0,True,8.2,Media,3,False,3.9,1,0
127,32,Otro,6.5,False,7.1,Baja,10,True,0.0,9,0
128,32,Masculino,7.8,False,6.1,Baja,8,False,0.0,9,0
129,43,Femenino,6.2,True,7.5,Alta,10,True,2.8,9,0
130,59,Masculino,8.1,False,9.3,Media,1,True,0.0,1,0
131,30,Otro,5.0,True,6.3,Media,2,False,3.1,1,0
132,49,Femenino,8.8,True,5.0,Media,2,False,1.2,3,0
133,56,Femenino,10.6,True,8.2,Baja,3,False,2.7,3,0
134,49,Femenino,5.3,False,6.3,Baja,6,True,0.0,5,0
135,21,Masculino,5.1,False,3.2,Media,1,True,0.0,2,0
136,47,Masculino,8.9,True,7.8,Baja,2,False,1.6,3,0
137,54,Masculino,9.2,True,5.7,Baja,1,False,1.8,3,0
138,40,Femenino,5.0,True,6.4,Alta,5,False,0.5,5,0
139,56,Femenino,5.2,True,7.0,Alta,7,False,3.2,6,0
140,32,Otro,5.4,True,6.8,Media,8,False,1.7,6,0
141,60,Otro,3.3,True,7.6,Alta,10,False,1.3,8,0
142,46,Femenino,4.2,True,5.8,Baja,1,False,3.8,1,0
143,53,Femenino,4.0,True,7.3,Alta,7,False,1.5,5,0
144,30,Otro,4.5,False,6.1,Baja,5,False,0.0,4,0
145,49,Femenino,5.9,True,7.6,Alta,10,False,2.3,9,0
146,24,Masculino,6.5,True,7.4,Alta,1,False,1.1,1,0
147,39,Femenino,9.1,True,5.1,Media,3,False,1.5,5,0
148,45,Masculino,4.0,False,8.1,Alta,7,True,0.0,5,0
149,19,Otro,8.0,False,5.7,Media,10,True,0.0,10,1
150,59,Femenino,5.6,True,7.7,Baja,1,False,2.7,1,0
151,23,Masculino,5.9,True,7.1,Media,7,False,1.1,5,0
152,45,Femenino,7.3,True,9.3,Media,5,True,1.7,4,0
153,45,Femenino,3.8,True,6.2,Baja,1,False,2.2,1,0
154,37,Masculino,6.8,True,6.0,Media,1,False,2.7,1,0
155,47,Masculino,6.3,True,6.5,Alta,1,False,0.6,1,0
156,28,Femenino,7.0,True,6.0,Baja,9,False,3.4,9,0
157,45,Femenino,6.6,True,7.7,Media,3,False,3.2,3,0
158,42,Femenino,10.9,True,4.1,Alta,5,True,0.7,9,0
159,56,Femenino,4.7,True,4.9,Alta,10,True,4.0,9,0
160,50,Femenino,4.9,True,4.9,Alta,9,True,2.2,9,0
161,18,Femenino,4.8,False,7.9,Media,6,False,0.0,3,0
162,44,Femenino,4.9,True,9.1,Alta,9,True,3.0,6,0
163,30,Femenino,4.7,False,6.3,Media,8,False,0.0,7,0
164,58,Masculino,8.4,True,6.2,Baja,8,False,1.7,9,1
165,20,Masculino,8.8,True,6.6,Media,1,False,2.1,2,0
166,56,Masculino,4.9,True,8.2,Media,9,True,3.5,7,0
167,23,Femenino,4.3,True,5.1,Baja,6,True,1.1,6,0
168,25,Femenino,6.9,True,6.9,Media,9,True,0.6,9,0
169,44,Femenino,4.9,True,8.0,Media,3,False,1.0,1,0
170,26,Masculino,7.3,True,7.3,Baja,3,False,1.5,2,0
171,54,Masculino,6.4,True,6.8,Media,6,True,1.1,5,0
172,50,Masculino,3.0,True,8.0,Media,9,True,2.3,6,0
173,59,Masculino,9.1,True,3.0,Media,7,True,1.3,10,1
174,41,Femenino,9.6,True,7.5,Baja,3,True,2.3,3,0
175,32,Masculino,4.8,True,5.5,Baja,3,False,1.3,3,0
176,49,Masculino,5.2,True,3.8,Baja,2,False,3.0,2,0
177,49,Otro,6.6,True,7.3,Alta,9,False,2.2,9,0
178,41,Masculino,6.7,False,8.6,Baja,3,False,0.0,2,0
179,58,Femenino,7.3,True,6.3,Media,5,True,1.5,5,0
180,29,Femenino,10.0,True,7.9,Baja,9,False,3.5,10,1
181,56,Masculino,5.6,False,8.9,Baja,8,False,0.0,7,0
182,19,Femenino,4.4,True,8.5,Alta,2,False,3.8,1,0
183,20,Femenino,3.2,True,9.0,Media,3,False,2.1,1,0
184,54,Otro,4.5,True,7.6,Baja,2,True,3.7,1,0
185,34,Masculino,5.9,True,6.6,Media,8,True,0.7,7,0
186,19,Otro,9.6,True,4.1,Baja,6,True,1.0,8,1
187,19,Femenino,5.0,True,6.1,Media,6,False,2.9,6,0
188,45,Masculino,6.4,True,5.2,Media,9,False,3.4,10,1
189,40,Femenino,6.0,True,9.8,Baja,8,False,1.4,6,0
190,54,Otro,8.4,False,6.2,Baja,4,False,0.0,4,0
191,49,Femenino,11.1,True,6.7,Baja,4,False,3.4,7,0
192,50,Masculino,4.9,True,7.3,Alta,9,False,3.8,8,0
193,18,Femenino,5.0,True,6.6,Alta,1,True,0.8,1,0
194,36,Masculino,8.1,True,9.0,Baja,2,False,0.7,1,0
195,19,Masculino,7.4,True,5.6,Media,2,True,2.5,2,0
196,43,Masculino,9.7,True,6.8,Baja,6,False,1.4,7,0
197,49,Masculino,7.2,True,5.4,Baja,4,False,3.1,4,0
198,23,Masculino,5.3,False,4.5,Media,10,True,0.0,10,1
199,49,Masculino,7.2,True,5.6,Alta,3,False,2.8,3,0
200,21,Femenino,8.2,True,6.4,Alta,3,False,3.2,3,0
201,28,Masculino,7.6,True,5.9,Media,3,False,2.4,4,0
202,34,Masculino,7.0,True,5.5,Baja,6,False,2.3,6,0
203,55,Femenino,8.1,True,4.4,Media,8,False,2.1,10,1
204,41,Femenino,8.3,True,6.4,Baja,7,True,0.9,8,0
205,22,Femenino,8.8,True,4.2,Media,4,True,3.5,5,0
206,51,Masculino,7.3,True,7.6,Baja,4,True,2.1,3,0
207,23,Masculino,5.7,True,6.6,Media,10,False,3.3,10,0
208,39,Masculino,6.3,True,4.3,Baja,2,True,3.9,2,0
209,28,Masculino,8.4,True,6.0,Baja,1,False,0.6,2,0
210,33,Masculino,4.4,True,5.4,Alta,9,False,0.7,8,0
211,50,Masculino,6.7,True,7.0,Baja,2,False,3.2,1,0
212,26,Masculino,5.2,True,8.5,Media,8,False,1.8,6,0
213,23,Masculino,6.1,True,3.7,Baja,9,False,2.7,10,1
214,33,Femenino,8.6,True,6.7,Baja,4,False,1.3,5,0
215,46,Masculino,6.4,True,6.3,Baja,8,True,1.9,7,0
216,20,Masculino,6.1,True,7.5,Baja,9,True,1.2,8,0
217,37,Femenino,3.3,False,6.8,Alta,10,False,0.0,8,0
218,53,Femenino,7.5,True,5.4,Baja,10,True,3.8,10,1
219,36,Masculino,7.3,False,6.0,Alta,5,True,0.0,5,0
220,43,Femenino,10.3,True,5.3,Media,7,False,1.4,9,1
221,20,Femenino,5.4,True,8.1,Media,10,True,2.1,8,0
222,36,Masculino,6.4,True,6.5,Media,4,False,3.7,3,0
223,37,Femenino,6.5,True,9.4,Media,1,True,1.6,1,0
224,49,Otro,9.2,True,6.4,Media,3,False,1.1,5,0
225,24,Masculino,5.8,True,5.4,Baja,5,False,3.1,5,0
226,58,Masculino,6.6,True,4.2,Baja,3,False,3.5,4,0
227,50,Femenino,7.2,True,3.8,Alta,7,False,3.3,7,0
228,57,Femenino,6.4,True,4.1,Alta,9,False,2.3,9,0
229,56,Masculino,5.1,True,6.9,Alta,6,True,2.2,4,0
230,35,Masculino,6.4,True,7.3,Media,10,False,1.4,9,0
231,57,Masculino,8.1,True,4.1,Media,1,False,3.2,2,0
232,18,Femenino,3.9,True,7.8,Media,7,False,2.3,5,0
233,28,Femenino,6.3,True,5.8,Media,3,False,2.1,4,0
234,45,Masculino,4.6,True,6.7,Baja,5,True,3.5,4,0
235,42,Femenino,8.4,False,8.9,Media,10,False,0.0,9,0
236,40,Femenino,3.0,False,7.8,Baja,4,False,0.0,1,0
237,48,Masculino,4.9,True,6.1,Baja,10,True,1.3,9,0
238,47,Masculino,6.8,True,5.2,Alta,5,False,2.0,5,0
239,59,Femenino,9.1,True,3.3,Baja,5,True,1.5,8,1
240,52,Femenino,5.9,True,5.4,Baja,6,True,2.2,5,0
241,24,Femenino,4.9,True,6.2,Baja,10,True,2.5,8,0
242,33,Femenino,9.8,True,5.0,Alta,10,True,3.5,10,1
243,43,Masculino,3.1,True,6.3,Media,6,False,1.9,5,0
244,19,Masculino,1.6,False,6.6,Media,8,True,0.0,6,0
245,18,Femenino,6.9,True,6.2,Alta,8,False,2.0,8,0
246,29,Masculino,5.0,True,5.5,Alta,9,False,3.5,9,0
247,22,Masculino,4.0,True,6.8,Baja,8,True,3.5,7,0
248,54,Masculino,7.4,False,7.2,Media,2,False,0.0,2,0
249,49,Masculino,6.5,True,4.9,Media,10,False,3.9,10,1
250,26,Masculino,4.9,True,8.6,Media,1,False,3.0,1,0
251,58,Masculino,3.4,True,6.4,Baja,10,True,0.9,8,0
252,52,Masculino,7.7,True,6.5,Alta,2,False,1.1,1,0
253,36,Masculino,7.3,True,7.6,Media,2,False,2.6,1,0
254,33,Femenino,5.8,True,6.8,Baja,3,True,2.9,1,0
255,20,Femenino,9.7,True,7.9,Media,10,True,1.7,10,1
256,37,Femenino,3.9,True,6.9,Baja,7,False,0.6,4,0
257,41,Femenino,2.9,True,5.6,Baja,2,True,2.2,1,0
258,50,Femenino,4.6,True,7.0,Media,1,False,2.2,1,0
259,41,Masculino,5.9,True,4.8,Baja,6,False,3.7,7,0
260,28,Femenino,6.5,True,6.7,Media,9,False,3.6,8,0
261,25,Femenino,5.5,True,6.5,Media,3,False,2.0,3,0
262,53,Femenino,6.7,True,6.2,Baja,6,True,2.3,5,0
263,55,Masculino,3.5,False,6.3,Alta,3,True,0.0,1,0
264,57,Masculino,8.9,True,3.7,Baja,1,False,2.3,3,0
265,37,Masculino,5.8,True,5.7,Baja,5,False,2.7,4,0
266,52,Masculino,8.2,True,6.6,Baja,10,False,2.8,10,1
267,42,Femenino,6.7,True,6.7,Baja,4,True,3.5,4,0
268,52,Femenino,6.9,True,5.0,Baja,7,True,1.0,8,0
269,42,Masculino,7.1,True,8.4,Media,6,True,0.7,4,0
270,46,Otro,6.9,True,5.2,Alta,10,False,1.7,10,0
271,35,Femenino,7.3,True,8.0,Baja,7,True,3.7,5,0
272,35,Masculino,8.7,True,7.1,Media,5,False,2.3,5,0
273,19,Masculino,6.4,True,5.5,Media,4,False,2.6,3,0
274,52,Masculino,7.4,True,9.2,Alta,7,False,1.0,5,0
275,33,Masculino,5.8,True,4.7,Media,7,False,1.1,8,0
276,58,Masculino,8.9,True,7.9,Baja,6,True,2.0,5,0
277,53,Masculino,4.6,True,8.0,Baja,8,False,1.7,5,0
278,50,Masculino,9.6,False,5.5,Media,4,False,0.0,5,0
279,21,Masculino,5.9,True,8.6,Alta,10,False,3.8,7,0
280,50,Femenino,3.1,True,6.1,Baja,5,False,3.0,3,0
281,31,Masculino,6.3,True,6.9,Baja,4,False,2.3,3,0
282,38,Femenino,4.6,True,6.9,Alta,1,True,3.2,1,0
283,37,Masculino,7.7,True,6.3,Alta,8,True,1.9,9,0
284,25,Otro,4.7,True,7.7,Alta,1,False,0.6,1,0
285,24,Masculino,5.1,True,7.7,Media,5,False,2.9,3,0
286,20,Masculino,2.2,True,3.9,Baja,6,True,2.2,6,0
287,34,Otro,5.1,True,8.5,Media,6,False,0.9,3,0
288,50,Femenino,1.2,True,4.0,Media,5,False,1.3,3,0
289,29,Femenino,2.8,True,8.0,Baja,3,True,0.5,1,0
290,39,Masculino,7.5,False,8.2,Media,5,False,0.0,4,0
291,39,Masculino,7.6,True,4.9,Media,8,False,3.7,9,1
292,47,Femenino,6.9,True,5.9,Baja,2,True,2.3,3,0
293,55,Otro,4.1,False,4.8,Media,6,False,0.0,6,0
294,55,Femenino,5.9,True,6.2,Media,9,False,1.9,7,0
295,25,Femenino,6.0,True,6.0,Alta,8,False,3.4,7,0
296,44,Masculino,3.7,True,7.7,Baja,8,False,3.6,5,0
297,44,Femenino,9.0,True,8.5,Baja,8,False,3.0,9,0
298,51,Masculino,7.8,True,8.6,Media,7,False,0.9,6,0
299,38,Masculino,5.6,True,5.7,Baja,8,False,3.0,8,0
300,47,Masculino,6.1,True,6.2,Media,6,False,3.9,6,0
301,50,Femenino,6.4,False,4.0,Media,2,True,0.0,3,0
302,45,Masculino,1.9,True,5.3,Baja,2,True,3.7,1,0
303,50,Masculino,5.5,True,7.9,Media,8,True,2.0,6,0
304,22,Femenino,4.6,True,8.9,Media,1,False,2.0,1,0
305,36,Masculino,4.0,True,4.6,Baja,6,True,3.3,5,0
306,21,Femenino,5.4,True,5.6,Alta,6,False,1.3,5,0
307,52,Masculino,9.6,False,6.5,Alta,4,True,0.0,4,0
308,34,Femenino,7.3,True,6.9,Media,10,True,2.1,10,1
309,45,Femenino,4.9,True,5.3,Media,3,False,1.6,1,0
310,47,Masculino,7.1,True,7.1,Media,3,False,2.5,3,0
311,46,Masculino,8.8,False,5.8,Alta,1,True,0.0,1,0
312,23,Masculino,7.8,True,6.5,Media,3,False,0.6,3,0
313,52,Masculino,6.1,True,7.3,Media,4,False,2.7,2,0
314,58,Otro,4.7,True,6.5,Alta,5,True,0.6,3,0
315,54,Masculino,7.4,False,5.8,Baja,3,False,0.0,3,0
316,41,Femenino,6.8,True,6.3,Alta,6,False,2.9,7,0
317,46,Masculino,7.8,False,6.4,Baja,5,True,0.0,5,0
318,48,Femenino,7.3,True,5.9,Baja,3,False,3.8,3,0
319,52,Femenino,8.1,True,6.1,Baja,6,False,3.8,6,0
320,50,Femenino,4.9,True,8.9,Alta,6,False,1.0,4,0
321,38,Femenino,8.6,True,7.3,Alta,8,True,3.0,8,0
322,49,Masculino,6.4,True,6.1,Media,2,True,2.7,1,0
323,40,Masculino,10.2,True,7.5,Media,1,False,3.5,3,0
324,50,Otro,4.6,True,6.0,Media,4,True,0.7,2,0
325,20,Femenino,9.5,True,8.3,Alta,7,False,0.7,8,0
326,35,Otro,6.4,True,7.1,Media,10,False,3.3,10,0
327,42,Masculino,4.7,False,6.3,Baja,3,False,0.0,2,0
328,59,Femenino,5.0,False,7.2,Baja,3,False,0.0,1,0
329,48,Otro,5.4,True,4.1,Media,5,False,1.5,6,0
330,20,Masculino,6.8,True,4.8,Media,5,True,2.9,5,0
331,57,Masculino,7.0,True,4.7,Baja,10,False,3.5,10,1
332,41,Femenino,4.9,True,6.7,Baja,3,True,0.7,2,0
333,49,Femenino,6.0,True,9.1,Alta,9,True,2.6,6,0
334,39,Femenino,10.3,True,9.8,Baja,4,False,1.8,4,0
335,40,Masculino,9.5,True,7.5,Media,3,False,2.3,3,0
336,19,Femenino,6.9,True,7.3,Alta,2,False,2.5,1,0
337,44,Masculino,6.1,True,3.8,Media,10,True,3.7,10,1
338,59,Masculino,6.2,True,5.7,Baja,9,False,1.5,9,0
339,19,Masculino,7.2,True,5.3,Media,4,True,1.8,5,0
340,43,Femenino,4.0,True,5.6,Alta,3,False,1.6,2,0
341,34,Femenino,5.5,True,6.2,Media,7,True,1.4,5,0
342,57,Femenino,2.7,True,5.8,Alta,8,False,2.8,6,0
343,50,Masculino,6.8,True,3.5,Baja,2,False,2.9,4,0
344,26,Femenino,7.3,False,7.6,Media,7,False,0.0,6,0
345,60,Masculino,5.0,True,4.9,Media,5,False,3.8,5,0
346,56,Femenino,9.1,True,6.9,Alta,5,False,0.9,5,0
347,46,Masculino,3.5,True,9.6,Baja,3,False,2.5,1,0
348,59,Masculino,3.1,True,5.1,Alta,5,True,2.4,3,0
349,43,Femenino,6.4,True,3.0,Media,2,True,0.5,3,0
350,52,Masculino,8.1,True,6.1,Baja,4,False,3.1,5,0
351,42,Femenino,9.4,True,8.2,Baja,6,False,1.3,7,0
352,41,Femenino,5.1,False,9.4,Alta,1,False,0.0,1,0
353,30,Masculino,8.2,True,4.7,Baja,10,True,3.9,10,1
354,24,Femenino,5.9,True,7.2,Baja,4,False,0.7,4,0
355,53,Masculino,5.7,True,5.8,Baja,6,False,3.4,6,0
356,37,Femenino,7.8,True,6.3,Alta,9,False,1.3,10,0
357,18,Otro,7.3,True,10.0,Media,2,False,3.8,1,0
358,25,Femenino,2.8,True,4.2,Media,7,False,0.7,6,0
359,33,Masculino,9.0,True,6.9,Baja,6,True,2.7,6,0
360,31,Otro,8.8,True,7.2,Media,2,False,1.1,1,0
361,29,Femenino,4.7,True,8.1,Media,8,False,3.5,6,0
362,40,Masculino,6.8,True,6.6,Alta,7,False,2.6,7,0
363,32,Masculino,7.0,True,7.0,Alta,5,True,3.1,4,0
364,45,Femenino,6.5,True,5.9,Baja,5,True,3.1,5,0
365,51,Femenino,4.9,True,6.9,Media,7,False,1.5,5,0
366,19,Femenino,4.7,True,6.0,Baja,9,False,1.9,8,0
367,49,Femenino,5.9,True,7.4,Media,9,False,1.0,7,0
368,40,Femenino,8.3,True,5.9,Baja,9,False,3.1,9,1
369,39,Masculino,7.1,False,7.1,Baja,6,False,0.0,6,0
370,42,Masculino,5.3,True,6.5,Baja,10,True,1.2,8,0
371,39,Masculino,7.5,True,8.2,Media,6,False,2.5,4,0
372,39,Femenino,1.0,True,6.4,Baja,3,False,3.3,1,0
373,59,Masculino,8.3,True,3.8,Media,1,False,1.1,2,0
374,23,Femenino,2.5,False,8.4,Media,7,False,0.0,4,0
375,32,Femenino,5.3,False,5.1,Baja,4,False,0.0,4,0
376,60,Femenino,3.8,True,5.5,Media,1,False,1.3,1,0
377,54,Masculino,3.4,True,5.6,Baja,8,False,2.5,6,0
378,50,Femenino,8.3,True,8.6,Media,6,True,0.7,5,0
379,25,Masculino,5.1,False,3.3,Media,6,True,0.0,7,0
380,22,Femenino,6.7,True,10.0,Baja,2,False,3.0,1,0
381,56,Masculino,5.9,True,8.1,Baja,1,True,1.2,1,0
382,21,Masculino,7.0,True,6.8,Baja,2,True,1.0,2,0
383,23,Femenino,6.2,True,6.4,Alta,4,False,1.9,2,0
384,49,Masculino,3.4,True,6.9,Media,2,False,2.0,1,0
385,47,Masculino,8.0,True,7.3,Media,1,False,1.7,1,0
386,52,Femenino,5.0,True,7.5,Media,7,True,1.1,6,0
387,57,Femenino,2.9,True,7.3,Baja,8,True,3.7,5,0
388,33,Femenino,5.1,True,6.6,Media,6,True,0.8,4,0
389,30,Femenino,9.0,True,6.2,Media,4,True,3.2,6,0
390,59,Femenino,7.7,True,6.3,Baja,6,False,1.2,6,0
391,47,Masculino,5.3,True,6.2,Baja,3,True,1.4,2,0
392,36,Masculino,5.3,True,8.2,Baja,8,False,1.3,5,0
393,34,Masculino,5.4,True,7.4,Media,10,True,2.7,9,0
394,36,Otro,10.2,True,3.0,Alta,2,False,1.3,4,0
395,45,Femenino,6.8,True,7.5,Baja,5,False,3.1,4,0
396,43,Masculino,6.9,True,6.8,Media,1,False,3.4,1,0
397,54,Femenino,8.1,True,6.5,Baja,6,False,3.9,5,0
398,43,Otro,6.5,True,5.9,Alta,2,False,2.8,2,0
399,40,Masculino,5.5,True,8.2,Baja,4,True,2.4,1,0
400,26,Femenino,5.6,True,7.9,Media,6,False,3.6,5,0
401,29,Femenino,5.9,True,5.3,Media,10,False,1.0,10,1
402,18,Femenino,5.9,True,7.1,Media,8,False,3.1,6,0
403,18,Masculino,7.5,True,5.0,Media,8,True,3.7,8,1
404,51,Femenino,6.1,True,4.4,Baja,6,True,1.4,7,0
405,49,Otro,7.5,True,5.6,Baja,4,False,2.4,5,0
406,42,Femenino,5.8,True,7.8,Baja,8,False,1.1,7,0
407,57,Femenino,6.2,True,7.9,Baja,8,False,1.2,6,0
408,18,Otro,2.0,True,7.3,Media,10,True,1.7,8,0
409,33,Femenino,7.8,True,7.6,Baja,1,False,1.3,1,0
410,56,Masculino,6.7,True,7.3,Baja,4,True,2.6,3,0
411,22,Femenino,8.0,True,5.5,Media,4,True,1.3,6,0
412,39,Femenino,1.0,True,7.1,Alta,7,False,3.9,4,0
413,46,Masculino,10.2,True,7.7,Media,7,True,1.3,7,0
414,20,Femenino,5.7,True,7.6,Baja,8,True,2.6,8,0
415,29,Otro,8.2,True,8.3,Baja,5,False,2.6,5,0
416,43,Otro,3.9,True,7.6,Alta,7,True,1.5,5,0
417,33,Femenino,7.2,False,7.0,Baja,8,True,0.0,8,0
418,54,Masculino,3.9,False,8.1,Baja,9,True,0.0,6,0
419,39,Otro,4.8,True,6.5,Media,3,True,2.5,2,0
420,46,Femenino,9.8,True,5.2,Media,3,True,3.5,4,0
421,31,Masculino,5.6,True,6.3,Media,4,False,0.5,4,0
422,45,Otro,6.4,True,5.4,Baja,5,True,1.7,5,0
423,22,Femenino,7.7,True,5.5,Baja,10,True,2.0,10,1
424,47,Femenino,7.0,True,6.3,Alta,1,False,1.9,1,0
425,22,Femenino,6.3,True,5.3,Baja,7,False,0.6,8,0
426,29,Masculino,6.7,True,6.0,Media,9,False,3.2,9,0
427,33,Masculino,10.8,True,3.7,Media,8,False,1.8,10,1
428,43,Masculino,5.9,True,6.8,Media,5,False,2.0,3,0
429,43,Femenino,6.4,True,6.5,Baja,4,False,1.1,4,0
430,38,Masculino,8.1,True,5.3,Baja,7,False,1.1,8,0
431,56,Masculino,8.2,True,7.5,Media,5,False,2.0,4,0
432,53,Masculino,8.4,True,7.9,Alta,7,True,3.9,8,0
433,50,Femenino,7.3,True,4.1,Alta,1,True,1.1,1,0
434,47,Otro,3.7,True,5.4,Baja,1,True,3.4,1,0
435,54,Masculino,9.3,True,5.3,Baja,10,False,3.5,10,1
436,40,Masculino,3.7,True,5.1,Alta,3,False,1.9,1,0
437,27,Femenino,6.6,True,7.7,Media,2,False,3.5,1,0
438,22,Femenino,4.5,False,6.2,Alta,2,False,0.0,1,0
439,53,Masculino,5.9,True,6.1,Baja,7,False,2.4,6,0
440,51,Femenino,6.7,True,3.5,Media,10,True,2.8,10,1
441,48,Masculino,6.6,False,7.5,Media,2,True,0.0,2,0
442,27,Masculino,6.8,True,4.6,Media,4,False,0.9,5,0
443,36,Femenino,9.2,True,6.6,Media,2,False,0.6,2,0
444,49,Masculino,6.9,True,6.9,Baja,6,False,1.8,6,0
445,18,Otro,5.5,True,8.5,Media,8,False,2.6,6,0
446,22,Masculino,7.9,True,4.5,Baja,10,True,3.8,10,1
447,21,Femenino,8.4,True,3.0,Media,4,False,2.0,7,0
448,33,Femenino,3.5,True,6.8,Alta,5,False,2.6,4,0
449,41,Masculino,7.2,True,9.2,Baja,4,False,3.3,2,0
450,33,Femenino,7.4,True,8.4,Alta,3,False,2.0,2,0
451,19,Masculino,5.4,True,6.8,Baja,5,True,3.4,4,0
452,45,Otro,8.8,True,5.8,Media,9,True,1.3,10,1
453,49,Masculino,5.7,True,7.7,Alta,8,False,1.1,6,0
454,44,Masculino,6.3,True,5.0,Baja,8,False,1.7,7,0
455,37,Masculino,5.7,True,7.2,Baja,8,False,3.0,7,0
456,41,Otro,6.0,True,7.3,Media,8,True,1.6,7,0
457,29,Femenino,3.8,True,8.1,Baja,7,False,3.9,4,0
458,52,Femenino,3.1,True,10.0,Media,8,True,2.4,3,0
459,50,Masculino,9.2,False,7.1,Alta,8,True,0.0,8,0
460,50,Femenino,4.3,True,5.7,Media,8,False,1.1,6,0
461,60,Masculino,4.0,True,6.5,Baja,10,False,3.2,8,0
462,54,Femenino,1.7,True,3.8,Media,7,True,0.9,6,0
463,29,Masculino,4.7,True,5.5,Media,1,True,3.7,1,0
464,20,Masculino,3.4,True,5.9,Baja,4,False,0.7,3,0
465,18,Masculino,9.3,False,5.7,Media,4,True,0.0,4,0
466,50,Femenino,8.0,True,6.7,Media,5,False,3.6,5,0
467,57,Femenino,4.6,True,5.3,Media,10,False,0.9,10,0
468,27,Masculino,10.5,True,8.2,Baja,6,True,2.8,6,0
469,60,Femenino,8.0,True,6.5,Media,4,True,1.9,5,0
470,46,Femenino,5.4,True,6.5,Baja,2,False,3.1,1,0
471,30,Femenino,1.0,True,6.0,Baja,6,False,1.3,3,0
472,29,Masculino,10.6,True,6.7,Alta,8,False,2.7,9,0
473,48,Masculino,3.2,True,7.7,Media,8,False,3.9,4,0
474,19,Femenino,2.7,True,5.2,Baja,7,False,2.1,6,0
475,52,Masculino,8.0,False,5.5,Baja,6,False,0.0,6,0
476,40,Masculino,10.9,True,6.0,Baja,2,False,0.9,4,0
477,34,Femenino,8.8,True,4.5,Baja,7,False,1.2,8,1
478,43,Otro,7.1,True,5.3,Baja,5,False,3.4,4,0
479,25,Masculino,7.2,True,5.8,Baja,6,False,1.2,6,0
480,46,Masculino,7.7,False,7.8,Media,10,False,0.0,9,0
481,43,Femenino,7.5,True,6.9,Media,8,False,2.7,7,0
482,27,Masculino,6.6,True,6.8,Media,8,True,3.4,8,0
483,43,Masculino,6.2,False,7.8,Media,3,False,0.0,2,0
484,51,Masculino,5.9,True,6.3,Baja,7,True,2.3,6,0
485,58,Femenino,4.5,False,7.1,Alta,1,True,0.0,1,0
486,24,Femenino,5.4,True,6.3,Alta,1,True,1.8,1,0
487,21,Masculino,2.6,True,6.9,Alta,7,False,1.8,3,0
488,28,Masculino,5.8,True,5.6,Alta,10,False,3.9,9,0
489,46,Masculino,4.0,True,3.0,Alta,9,True,2.8,10,0
490,53,Femenino,3.8,False,6.3,Media,7,False,0.0,6,0
491,42,Masculino,6.4,True,8.6,Baja,10,False,2.7,8,0
492,38,Masculino,8.8,True,7.9,Media,5,True,2.1,5,0
493,53,Femenino,7.8,True,7.9,Media,8,False,0.7,6,0
494,27,Masculino,2.9,True,8.4,Media,2,False,0.6,1,0
495,54,Femenino,4.0,True,6.6,Media,9,False,1.0,6,0
496,26,Masculino,7.9,False,6.8,Baja,6,False,0.0,7,0
497,41,Masculino,4.0,True,5.6,Baja,9,False,2.8,8,0
498,52,Masculino,5.6,True,6.0,Alta,2,True,3.2,2,0
499,52,Femenino,7.1,True,7.4,Media,3,True,1.3,2,0
500,53,Femenino,4.1,True,8.3,Media,8,True,3.0,6,0
